{
  "pytorch": {
    "mean_latency_ms": 3.3985108137130737,
    "std_latency_ms": 0.6976503723488847,
    "fps": 294.24652585037416
  },
  "onnx": {
    "mean_latency_ms": 1.2718290090560913,
    "std_latency_ms": 0.5630018806144865,
    "fps": 786.2692177010229
  },
  "speedup": 2.672144438846645
}