{
    "pytorch": {
        "mean": 7.809528708457947,
        "fps": 128.04870016252977
    },
    "onnx": {
        "mean": 2.655768394470215,
        "fps": 376.53885861514846
    },
    "speedup": 2.9405910262049897
}